
-- Carga de datos

-- 1 Inscripcion de deportes
INSERT INTO sports_deporte (id_deporte, nom_deporte, n_max_integrantes, created, updated)
    values  ('ATH','Atletismo', 8, CURRENT_TIMESTAMP, CURRENT_TIMESTAMP),
            ('BDM','Bádminton', 2, CURRENT_TIMESTAMP,CURRENT_TIMESTAMP),
            ('BKB','Baloncesto', 5, CURRENT_TIMESTAMP,CURRENT_TIMESTAMP),
            ('HBL','Balonmano', 7, CURRENT_TIMESTAMP,CURRENT_TIMESTAMP),
            ('BSB','Béisbol Sóftbol', 9, CURRENT_TIMESTAMP,CURRENT_TIMESTAMP),
            ('BTH','Biatlón', 8, CURRENT_TIMESTAMP,CURRENT_TIMESTAMP),
            ('BOX','Boxeo', 1, CURRENT_TIMESTAMP,CURRENT_TIMESTAMP),
            ('BMF','Ciclismo BMX Freestyle', 10, CURRENT_TIMESTAMP,CURRENT_TIMESTAMP),
            ('BMX','Ciclismo BMX Racing', 10, CURRENT_TIMESTAMP,CURRENT_TIMESTAMP),
            ('MTB','Ciclismo de Montaña', 50, CURRENT_TIMESTAMP,CURRENT_TIMESTAMP),
            ('CTR','Ciclismo de Pista', 24, CURRENT_TIMESTAMP,CURRENT_TIMESTAMP),
            ('CRD','Ciclismo de Ruta', 30, CURRENT_TIMESTAMP,CURRENT_TIMESTAMP),
            ('CLB','Escalada Deportiva', 8, CURRENT_TIMESTAMP,CURRENT_TIMESTAMP),
            ('FEN','Esgrima', 2, CURRENT_TIMESTAMP,CURRENT_TIMESTAMP),
            ('FBL','Fútbol', 11, CURRENT_TIMESTAMP,CURRENT_TIMESTAMP),
            ('FBS','Fútbol Sala', 5, CURRENT_TIMESTAMP,CURRENT_TIMESTAMP),
            ('GAC','Gimnasia Acrobática', 1, CURRENT_TIMESTAMP,CURRENT_TIMESTAMP),
            ('GAR','Gimnasia Artística', 1, CURRENT_TIMESTAMP,CURRENT_TIMESTAMP),
            ('GTR','Gimnasia en Trampolín', 1, CURRENT_TIMESTAMP,CURRENT_TIMESTAMP),
            ('GRY','Gimnasia Rítmica', 1, CURRENT_TIMESTAMP,CURRENT_TIMESTAMP),
            ('GLF','Golf', 2, CURRENT_TIMESTAMP,CURRENT_TIMESTAMP),
            ('HOC','Hockey sobre Césped', 11, CURRENT_TIMESTAMP,CURRENT_TIMESTAMP),
            ('IHO','Hockey sobre Hielo', 6, CURRENT_TIMESTAMP,CURRENT_TIMESTAMP),
            ('JUD','Judo', 1, CURRENT_TIMESTAMP,CURRENT_TIMESTAMP),
            ('KTE','Karate', 1, CURRENT_TIMESTAMP,CURRENT_TIMESTAMP),
            ('WRE','Lucha', 1, CURRENT_TIMESTAMP,CURRENT_TIMESTAMP),
            ('SWM','Natación', 2, CURRENT_TIMESTAMP,CURRENT_TIMESTAMP),
            ('OWS','Natación Aguas Abiertas', 6, CURRENT_TIMESTAMP,CURRENT_TIMESTAMP),
            ('SWA','Natación Artística', 8, CURRENT_TIMESTAMP,CURRENT_TIMESTAMP),
            ('FSK','Patinaje Artístico', 2, CURRENT_TIMESTAMP,CURRENT_TIMESTAMP);

-- 2. Carga datos tipo persona
INSERT INTO users_tipopersona (id_tipo_persona, desc_tipo_persona, created, updated)
    values ('1','Administrador', CURRENT_TIMESTAMP, CURRENT_TIMESTAMP), ('2','Comisario',CURRENT_TIMESTAMP,CURRENT_TIMESTAMP);

-- 3. Inscribir personas
INSERT INTO auth_user (id,first_name,last_name,username,email,password, is_superuser, is_staff, is_active, last_login, date_joined)
VALUES 	('2', 'Elon', 'Musk', 'Elon', 'elon@olimpiadas.udistrital.co', '12346578', false, false,true, CURRENT_TIMESTAMP,CURRENT_TIMESTAMP),
      	('3', 'Bernard', 'Arnault', 'bernard', 'Bernard@olimpiadas.udistrital.co', '12346578', false, false,true, CURRENT_TIMESTAMP,CURRENT_TIMESTAMP),
      	('4', 'Bill', 'Gates', 'Bill', 'bill@olimpiadas.udistrital.co', '12346578', false, false,true, CURRENT_TIMESTAMP,CURRENT_TIMESTAMP),
      	('5', 'Mark', 'Zuckerberg', 'Mark', 'mark@olimpiadas.udistrital.co', '12346578', false, false,true, CURRENT_TIMESTAMP,CURRENT_TIMESTAMP),
      	('6', 'Warren', 'Buffett', 'Warren', 'warren@olimpiadas.udistrital.co', '12346578', false, false,true, CURRENT_TIMESTAMP,CURRENT_TIMESTAMP),
      	('7', 'Larry', 'Ellison', 'Larry', 'larry@olimpiadas.udistrital.co', '12346578', false, false,true, CURRENT_TIMESTAMP,CURRENT_TIMESTAMP),
      	('8', 'Larry', 'Page', 'Larry323', 'larry@olimpiadas.udistrital.co', '12346578', false, false,true, CURRENT_TIMESTAMP,CURRENT_TIMESTAMP),
      	('9', 'Sergey', 'Brin', 'Sergey', 'sergey@olimpiadas.udistrital.co', '12346578', false, false,true, CURRENT_TIMESTAMP,CURRENT_TIMESTAMP),
      	('10', 'Mukesh', 'Ambani', 'Mukesh', 'mukesh@olimpiadas.udistrital.co', '12346578', false, false,true, CURRENT_TIMESTAMP,CURRENT_TIMESTAMP),
        ('11', 'Jeff', 'Bezos', 'Jeff', 'jeff@olimpiadas.udistrital.co', '12346578', false, false,true, CURRENT_TIMESTAMP,CURRENT_TIMESTAMP);

INSERT INTO users_persona (cod_persona, created, updated, user_id, id_tipo_persona_fk_id)
VALUES 	('0111', CURRENT_TIMESTAMP, CURRENT_TIMESTAMP, '11', '1'),
      	('0091', CURRENT_TIMESTAMP, CURRENT_TIMESTAMP, '2', '2'),
      	('0121', CURRENT_TIMESTAMP, CURRENT_TIMESTAMP, '3', '2'),
      	('0054', CURRENT_TIMESTAMP, CURRENT_TIMESTAMP, '4', '2'),
      	('0037', CURRENT_TIMESTAMP, CURRENT_TIMESTAMP, '5', '1'),
      	('0061', CURRENT_TIMESTAMP, CURRENT_TIMESTAMP, '6', '2'),
      	('0087', CURRENT_TIMESTAMP, CURRENT_TIMESTAMP, '7', '2'),
      	('0007', CURRENT_TIMESTAMP, CURRENT_TIMESTAMP, '8', '2'),
      	('0023', CURRENT_TIMESTAMP, CURRENT_TIMESTAMP, '9', '2'),
      	('0011', CURRENT_TIMESTAMP, CURRENT_TIMESTAMP, '10', '2');

-- 4. Carga datos de sedes
-- TO DO
INSERT INTO campus_sede (id_complejo, nom_complejo, presupuesto, direccion, created, updated)
values 	('00001','Soccer City', 90000, 'Sudáfrica', CURRENT_TIMESTAMP, CURRENT_TIMESTAMP),
        ('00002','Rungardo May Day', 90000, 'Corea del Norte', CURRENT_TIMESTAMP, CURRENT_TIMESTAMP),
        ('00003','Signal Iduna Park', 90000, 'Alemania', CURRENT_TIMESTAMP, CURRENT_TIMESTAMP),
        ('00004','Old Trafford', 90000, 'Inglaterra', CURRENT_TIMESTAMP, CURRENT_TIMESTAMP),
        ('00005','Estadio Nacional de Pekín', 90000, 'China', CURRENT_TIMESTAMP, CURRENT_TIMESTAMP),
        ('00006','Estadio Alberto José Armando', 90000, 'Argentina', CURRENT_TIMESTAMP, CURRENT_TIMESTAMP),
        ('00007','E. Antonio Vespucio Liberti', 90000, 'Argentina', CURRENT_TIMESTAMP, CURRENT_TIMESTAMP),
        ('00008','Estadio Azteca', 90000, 'México', CURRENT_TIMESTAMP, CURRENT_TIMESTAMP),
        ('00009','Estadio Wembley', 90000, 'Inglaterra', CURRENT_TIMESTAMP, CURRENT_TIMESTAMP),
        ('00010','Estadio Da Luz', 90000, 'Portugal', CURRENT_TIMESTAMP, CURRENT_TIMESTAMP),
        ('00012','Estadio Maracaná', 90000, 'Brasil', CURRENT_TIMESTAMP, CURRENT_TIMESTAMP),
        ('00013','Estadio Giuseppe Meazza', 90000, 'Italia', CURRENT_TIMESTAMP, CURRENT_TIMESTAMP),
        ('00014','Allianz Aren', 90000, 'Alemania', CURRENT_TIMESTAMP, CURRENT_TIMESTAMP),
        ('00015','Estadio Santiago Bernabeu', 90000, 'España', CURRENT_TIMESTAMP, CURRENT_TIMESTAMP),
        ('00016','Estadio Camp Nou', 90000, 'España', CURRENT_TIMESTAMP, CURRENT_TIMESTAMP);

-- 5 Registrar 20 equipos deporte
INSERT INTO sports_equipo (id_equipo, nom_equipo, n_partes, created, updated)
values 	('001','Bicicleta', 100, CURRENT_TIMESTAMP, CURRENT_TIMESTAMP),
	    ('002','Palo de golf', 300, CURRENT_TIMESTAMP, CURRENT_TIMESTAMP),
	    ('003','Bicicleta fija', 50, CURRENT_TIMESTAMP, CURRENT_TIMESTAMP),
	    ('004','Espinilleras', 200, CURRENT_TIMESTAMP, CURRENT_TIMESTAMP),
	    ('005','Bate de béisbol', 425, CURRENT_TIMESTAMP, CURRENT_TIMESTAMP),
	    ('006','Balón de baloncesto', 80, CURRENT_TIMESTAMP, CURRENT_TIMESTAMP),
	    ('007','Patín sobre ruedas', 40, CURRENT_TIMESTAMP, CURRENT_TIMESTAMP),
	    ('008','Traje de baño', 600, CURRENT_TIMESTAMP, CURRENT_TIMESTAMP),
	    ('009','Raqueta', 83, CURRENT_TIMESTAMP, CURRENT_TIMESTAMP),
	    ('010','Calzado deportivo', 758, CURRENT_TIMESTAMP, CURRENT_TIMESTAMP),
	    ('011','Balón de fútbol', 263, CURRENT_TIMESTAMP, CURRENT_TIMESTAMP),
	    ('012','Bicicleta de montaña', 111, CURRENT_TIMESTAMP, CURRENT_TIMESTAMP),
	    ('013','Balón de voleibol', 80, CURRENT_TIMESTAMP, CURRENT_TIMESTAMP),
	    ('014','Pelota de tenis', 999, CURRENT_TIMESTAMP, CURRENT_TIMESTAMP),
	    ('015','Pelota de golf', 999, CURRENT_TIMESTAMP, CURRENT_TIMESTAMP),
	    ('016','Guantes', 98, CURRENT_TIMESTAMP, CURRENT_TIMESTAMP),
	    ('017','Volante de bádminton', 50, CURRENT_TIMESTAMP, CURRENT_TIMESTAMP),
	    ('018','Guante de boxeo', 63, CURRENT_TIMESTAMP, CURRENT_TIMESTAMP),
	    ('019','Headgear', 60, CURRENT_TIMESTAMP, CURRENT_TIMESTAMP),
	    ('020','Pelota de béisbol', 999, CURRENT_TIMESTAMP, CURRENT_TIMESTAMP);

INSERT INTO sports_deporte_id_equipo_fk (deporte_id, equipo_id)
values 	('FBL','011'),('BMF','001'),('BMX','001'),('MTB','012'),
        ('CTR','003'),('FBL','004'),('FBL','016'),('BOX','018'),
        ('BOX','019'),('SWM','008'),('OWS','008'),('SWA','008'),
        ('FSK','007'),('BKB','006'),('BDM','017'),('FBS','011'),
        ('BSB','005'),('BSB','020'),('FBS','004'),('FBS','016');

-- 7. Carga datos de estado
INSERT INTO sports_estado (id_estado, desc_estado, created, updated)
	values 	('1','Libre', CURRENT_TIMESTAMP, CURRENT_TIMESTAMP),
			('2','Dañado', CURRENT_TIMESTAMP, CURRENT_TIMESTAMP),
			('3','Perdido', CURRENT_TIMESTAMP, CURRENT_TIMESTAMP),
			('4','Prestado', CURRENT_TIMESTAMP, CURRENT_TIMESTAMP),
			('5','Préstamo evento', CURRENT_TIMESTAMP, CURRENT_TIMESTAMP),
			('6','Préstamo práctica', CURRENT_TIMESTAMP, CURRENT_TIMESTAMP);

-- 8. Carga datos de Tareas
INSERT INTO users_tarea (id_tarea, desc_tarea, created, updated)
	values 	('1','Juez', CURRENT_TIMESTAMP, CURRENT_TIMESTAMP),
			('2','Observador', CURRENT_TIMESTAMP, CURRENT_TIMESTAMP);

-- Otros
INSERT INTO campus_area (id_area, nom_area, ubicacion, id_complejo_fk_id, created, updated)
	values 	('001','Centro', 'Centro', '00001', CURRENT_TIMESTAMP, CURRENT_TIMESTAMP),
			('002','Esquina N', 'Norte', '00001', CURRENT_TIMESTAMP, CURRENT_TIMESTAMP),
			('003','Esquina NE', 'Nort-Este', '00001', CURRENT_TIMESTAMP, CURRENT_TIMESTAMP),
			('004','Esquina NO', 'Nort-Oeste', '00001', CURRENT_TIMESTAMP, CURRENT_TIMESTAMP),
			('005','Esquina S', 'Sur', '00001', CURRENT_TIMESTAMP, CURRENT_TIMESTAMP),
			('006','Esquina SE', 'Sur-Este', '00001', CURRENT_TIMESTAMP, CURRENT_TIMESTAMP),
			('007','Esquina SO', 'Sur-Oeste', '00001', CURRENT_TIMESTAMP, CURRENT_TIMESTAMP),
			('008','Esquina E', 'Este', '00001', CURRENT_TIMESTAMP, CURRENT_TIMESTAMP),
			('009','Esquina O', 'Oeste', '00001', CURRENT_TIMESTAMP, CURRENT_TIMESTAMP),

	     	('010','Centro', 'Centro', '00002', CURRENT_TIMESTAMP, CURRENT_TIMESTAMP),
			('011','Esquina N', 'Norte', '00002', CURRENT_TIMESTAMP, CURRENT_TIMESTAMP),
			('012','Esquina NE', 'Nort-Este', '00002', CURRENT_TIMESTAMP, CURRENT_TIMESTAMP),
			('013','Esquina NO', 'Nort-Oeste', '00002', CURRENT_TIMESTAMP, CURRENT_TIMESTAMP),
			('014','Esquina S', 'Sur', '00002', CURRENT_TIMESTAMP, CURRENT_TIMESTAMP),
			('015','Esquina SE', 'Sur-Este', '00002', CURRENT_TIMESTAMP, CURRENT_TIMESTAMP),
			('016','Esquina SO', 'Sur-Oeste', '00002', CURRENT_TIMESTAMP, CURRENT_TIMESTAMP),
			('017','Esquina E', 'Este', '00002', CURRENT_TIMESTAMP, CURRENT_TIMESTAMP),
			('018','Esquina O', 'Oeste', '00002', CURRENT_TIMESTAMP, CURRENT_TIMESTAMP),

	     	('019','Centro', 'Centro', '00003', CURRENT_TIMESTAMP, CURRENT_TIMESTAMP),
			('020','Esquina N', 'Norte', '00003', CURRENT_TIMESTAMP, CURRENT_TIMESTAMP),
			('021','Esquina NE', 'Nort-Este', '00003', CURRENT_TIMESTAMP, CURRENT_TIMESTAMP),
			('022','Esquina NO', 'Nort-Oeste', '00003', CURRENT_TIMESTAMP, CURRENT_TIMESTAMP),
			('023','Esquina S', 'Sur', '00003', CURRENT_TIMESTAMP, CURRENT_TIMESTAMP),
			('024','Esquina SE', 'Sur-Este', '00003', CURRENT_TIMESTAMP, CURRENT_TIMESTAMP),
			('025','Esquina SO', 'Sur-Oeste', '00003', CURRENT_TIMESTAMP, CURRENT_TIMESTAMP),
			('026','Esquina E', 'Este', '00003', CURRENT_TIMESTAMP, CURRENT_TIMESTAMP),
			('027','Esquina O', 'Oeste', '00003', CURRENT_TIMESTAMP, CURRENT_TIMESTAMP),

	     	('028','Centro', 'Centro', '00004', CURRENT_TIMESTAMP, CURRENT_TIMESTAMP),
			('029','Esquina N', 'Norte', '00004', CURRENT_TIMESTAMP, CURRENT_TIMESTAMP),
			('030','Esquina NE', 'Nort-Este', '00004', CURRENT_TIMESTAMP, CURRENT_TIMESTAMP),
			('031','Esquina NO', 'Nort-Oeste', '00004', CURRENT_TIMESTAMP, CURRENT_TIMESTAMP),
			('032','Esquina S', 'Sur', '00004', CURRENT_TIMESTAMP, CURRENT_TIMESTAMP),
			('033','Esquina SE', 'Sur-Este', '00004', CURRENT_TIMESTAMP, CURRENT_TIMESTAMP),
			('034','Esquina SO', 'Sur-Oeste', '00004', CURRENT_TIMESTAMP, CURRENT_TIMESTAMP),
			('035','Esquina E', 'Este', '00004', CURRENT_TIMESTAMP, CURRENT_TIMESTAMP),
			('036','Esquina O', 'Oeste', '00004', CURRENT_TIMESTAMP, CURRENT_TIMESTAMP);

-- eventos
INSERT INTO campus_evento
    (consec_evento, fecha_hora, duracion, n_participante, id_complejo_fk_id, id_deporte_fk_id, id_area_fk_id, cod_persona_fk_id, created, updated)
values
    (1, CURRENT_DATE, '01:30:00', 8, '00001', 'FBL', '003', '0111', CURRENT_TIMESTAMP, CURRENT_TIMESTAMP),
    (2, CURRENT_DATE, '01:30:00', 8, '00002', 'FBL', '002', '0054', CURRENT_TIMESTAMP, CURRENT_TIMESTAMP);

-- Agregar inventario
INSERT INTO sports_inventario (consec_inventario, n_piezas, id_complejo_fk_id, id_estado_fk_id, id_equipo_fk_id, created, updated)
	values 	(1, 600, '00001', 1, '001', CURRENT_TIMESTAMP, CURRENT_TIMESTAMP),
			(2, 600, '00001', 1, '002', CURRENT_TIMESTAMP, CURRENT_TIMESTAMP),
			(3, 600, '00001', 1, '003', CURRENT_TIMESTAMP, CURRENT_TIMESTAMP),
			(4, 600, '00001', 1, '004', CURRENT_TIMESTAMP, CURRENT_TIMESTAMP),
			(5, 600, '00001', 1, '005', CURRENT_TIMESTAMP, CURRENT_TIMESTAMP),
			(6, 600, '00001', 1, '006', CURRENT_TIMESTAMP, CURRENT_TIMESTAMP),
			(7, 600, '00001', 1, '007', CURRENT_TIMESTAMP, CURRENT_TIMESTAMP),
			(8, 600, '00001', 1, '008', CURRENT_TIMESTAMP, CURRENT_TIMESTAMP),
			(9, 600, '00001', 1, '009', CURRENT_TIMESTAMP, CURRENT_TIMESTAMP),
			(10, 600, '00001', 1, '010', CURRENT_TIMESTAMP, CURRENT_TIMESTAMP),
			(11, 600, '00001', 1, '011', CURRENT_TIMESTAMP, CURRENT_TIMESTAMP),
			(12, 600, '00001', 1, '012', CURRENT_TIMESTAMP, CURRENT_TIMESTAMP),
			(13, 600, '00001', 1, '013', CURRENT_TIMESTAMP, CURRENT_TIMESTAMP),
			(14, 600, '00001', 1, '014', CURRENT_TIMESTAMP, CURRENT_TIMESTAMP),
			(15, 600, '00001', 1, '015', CURRENT_TIMESTAMP, CURRENT_TIMESTAMP),
			(16, 600, '00001', 1, '016', CURRENT_TIMESTAMP, CURRENT_TIMESTAMP),
			(17, 600, '00001', 1, '017', CURRENT_TIMESTAMP, CURRENT_TIMESTAMP),
			(18, 600, '00001', 1, '018', CURRENT_TIMESTAMP, CURRENT_TIMESTAMP),
			(19, 600, '00001', 1, '019', CURRENT_TIMESTAMP, CURRENT_TIMESTAMP),
			(20, 600, '00001', 1, '020', CURRENT_TIMESTAMP, CURRENT_TIMESTAMP),
	        (21, 600, '00002', 1, '001', CURRENT_TIMESTAMP, CURRENT_TIMESTAMP),
			(22, 600, '00002', 1, '002', CURRENT_TIMESTAMP, CURRENT_TIMESTAMP),
			(23, 600, '00002', 1, '003', CURRENT_TIMESTAMP, CURRENT_TIMESTAMP),
			(24, 600, '00002', 1, '004', CURRENT_TIMESTAMP, CURRENT_TIMESTAMP),
			(25, 600, '00002', 1, '005', CURRENT_TIMESTAMP, CURRENT_TIMESTAMP),
			(26, 600, '00002', 1, '006', CURRENT_TIMESTAMP, CURRENT_TIMESTAMP),
			(27, 600, '00002', 1, '007', CURRENT_TIMESTAMP, CURRENT_TIMESTAMP),
			(28, 600, '00002', 1, '008', CURRENT_TIMESTAMP, CURRENT_TIMESTAMP),
			(29, 600, '00002', 1, '009', CURRENT_TIMESTAMP, CURRENT_TIMESTAMP),
			(30, 600, '00002', 1, '010', CURRENT_TIMESTAMP, CURRENT_TIMESTAMP),
			(31, 600, '00002', 1, '011', CURRENT_TIMESTAMP, CURRENT_TIMESTAMP),
			(32, 600, '00002', 1, '012', CURRENT_TIMESTAMP, CURRENT_TIMESTAMP),
			(33, 600, '00002', 1, '013', CURRENT_TIMESTAMP, CURRENT_TIMESTAMP),
			(34, 600, '00002', 1, '014', CURRENT_TIMESTAMP, CURRENT_TIMESTAMP),
			(35, 600, '00002', 1, '015', CURRENT_TIMESTAMP, CURRENT_TIMESTAMP),
			(36, 600, '00002', 1, '016', CURRENT_TIMESTAMP, CURRENT_TIMESTAMP),
			(37, 600, '00002', 1, '017', CURRENT_TIMESTAMP, CURRENT_TIMESTAMP),
			(38, 600, '00002', 1, '018', CURRENT_TIMESTAMP, CURRENT_TIMESTAMP),
			(39, 600, '00002', 1, '019', CURRENT_TIMESTAMP, CURRENT_TIMESTAMP),
			(40, 600, '00002', 1, '020', CURRENT_TIMESTAMP, CURRENT_TIMESTAMP);

-- agregar prestamos
INSERT INTO sports_prestamo (consec_prestamo, fecha_prestamo, cod_persona_fk_id, id_estado_fk_id, consec_inventario_fk_id, created, updated)
	values 	('1', CURRENT_DATE, '0111', '1', 1, CURRENT_TIMESTAMP, CURRENT_TIMESTAMP),
			('2', CURRENT_DATE, '0091', '2', 2, CURRENT_TIMESTAMP, CURRENT_TIMESTAMP),
			('3', CURRENT_DATE, '0121', '3', 3, CURRENT_TIMESTAMP, CURRENT_TIMESTAMP),
			('4', CURRENT_DATE, '0054', '4', 4, CURRENT_TIMESTAMP, CURRENT_TIMESTAMP),
			('5', CURRENT_DATE, '0037', '5', 4, CURRENT_TIMESTAMP, CURRENT_TIMESTAMP),
			('6', CURRENT_DATE, '0061', '6', 5, CURRENT_TIMESTAMP, CURRENT_TIMESTAMP),
			('7', CURRENT_DATE, '0087', '1', 6, CURRENT_TIMESTAMP, CURRENT_TIMESTAMP),
			('8', CURRENT_DATE, '0007', '2', 7, CURRENT_TIMESTAMP, CURRENT_TIMESTAMP),
			('9', CURRENT_DATE, '0023', '3', 8, CURRENT_TIMESTAMP, CURRENT_TIMESTAMP),
			('10', CURRENT_DATE, '0011', '4', 9, CURRENT_TIMESTAMP, CURRENT_TIMESTAMP);



/*
********* Generador de Código UD (en construcción)***********
SELECT
  CONVERT(VARCHAR(4), YEAR(GETDATE())) --Año
+ (CASE WHEN MONTH(GETDATE()) < 7 THEN '01' ELSE '02' END) --Semestre
+ RIGHT(CONVERT(VARCHAR(4), E.IdCarrera) + '00', 2) --Carrera
+ RIGHT(CONVERT(VARCHAR(4), E.IdEstudia) + '000', 3) --ID Estudiante
FROM Estudiante E
*/

/*
*********** Con códigos estudiantiles ***********
INSERT INTO users_persona (cod_persona, created, updated, user_id)
VALUES 	('20171010111', CURRENT_TIMESTAMP, CURRENT_TIMESTAMP, '1'),
      	('20171020091', CURRENT_TIMESTAMP, CURRENT_TIMESTAMP, '2'),
      	('20181020121', CURRENT_TIMESTAMP, CURRENT_TIMESTAMP, '3'),
      	('20182020054', CURRENT_TIMESTAMP, CURRENT_TIMESTAMP, '4'),
      	('20191020037', CURRENT_TIMESTAMP, CURRENT_TIMESTAMP, '5'),
      	('20192020061', CURRENT_TIMESTAMP, CURRENT_TIMESTAMP, '6'),
      	('20201020087', CURRENT_TIMESTAMP, CURRENT_TIMESTAMP, '7'),
      	('20202020007', CURRENT_TIMESTAMP, CURRENT_TIMESTAMP, '8'),
      	('20211020023', CURRENT_TIMESTAMP, CURRENT_TIMESTAMP, '9'),
      	('20212020011', CURRENT_TIMESTAMP, CURRENT_TIMESTAMP, '10');
*/